Workbook

Sheet 세부원가내역서(방과후학교,특기적성)
A2: 세부 원가내역서 | I2: ○○○○학교 20○○학년도 돌봄·방과후학교 프로그램 운영 용역
A3: 연번 | B3: 과목명 | C3: 전년도 강사료원가 적용단가 (원가산정시 적용금액으로 계약 강사료가 아님) | D3: 강사료원가 조정 | F3: 강사료원가 산출 기초자료 | N3: 원가산출내역
N4: 1.인건비 | P4: 2.경비 | R4: 3.일반관리비 | T4: 4.이윤 | V4: 계*최종 단가 확인 필수
D5: 금액조정 | E5: 인상율 | F5: 금년도 강사료원가 적용단가 | G5: 월별수강 예정인원 | H5: 운영 개월수 | I5: 연간수강 예정인원 | J5: 인건비 지급율 (%) | K5: 경비 반영 비율 (%) | L5: 일반 관리비 반영 비율(%) | M5: 이윤 반영 비율 (%) | N5: 강사단가 | O5: 산출액 | P5: 단가 | Q5: 산출액 | R5: 단가 | S5: 산출액 | T5: 단가 | U5: 산출액 | V5: 단가 | W5: 산출액
A6: 1 | B6: 인상율 예시 | C6: 50000 | E6: 0.041 | F6: =ROUND(IF(D6=0,C6+C6*E6,C6+D6),-1) -> 52050 | G6: 100 | H6: 10 | I6: =G6*H6 -> 1000 | J6: 0.8 | K6: =(1/J6-(1+L6+M6+L6*M6))/((1+L6+M6+L6*M6)) -> 0.072041166 | L6: 0.06 | M6: 0.1 | N6: =F6*J6 -> 41640 | O6: =N6*$I6 -> 41640000 | P6: =N6*K6 -> 2999.7942 | Q6: =O6*K6 -> 2999794.2 | R6: =(N6+P6)*L6 -> 2678.3877 | S6: =(O6+Q6)*L6 -> 2678387.7 | T6: =(N6+P6+R6)*M6 -> 4731.8182 | U6: =(O6+Q6+S6)*M6 -> 4731818.2 | V6: =ROUND(N6+P6+R6+T6,0) -> 52050 | W6: =ROUND(O6+Q6+S6+U6,0) -> 52050000
A7: 2 | B7: 인상율 예시 | C7: 50000 | E7: 0.038 | F7: =ROUND(IF(D7=0,C7+C7*E7,C7+D7),-1) -> 51900 | G7: 20 | H7: 10 | I7: =G7*H7 -> 200 | J7: 0.79 | K7: =(1/J7-(1+L7+M7+L7*M7))/((1+L7+M7+L7*M7)) -> 0.085611308 | L7: 0.06 | M7: 0.1 | N7: =F7*J7 -> 41001 | O7: =N7*$I7 -> 8200200 | P7: =N7*K7 -> 3510.1492 | Q7: =O7*K7 -> 702029.85 | R7: =(N7+P7)*L7 -> 2670.669 | S7: =(O7+Q7)*L7 -> 534133.79 | T7: =(N7+P7+R7)*M7 -> 4718.1818 | U7: =(O7+Q7+S7)*M7 -> 943636.36 | V7: =ROUND(N7+P7+R7+T7,0) -> 51900 | W7: =ROUND(O7+Q7+S7+U7,0) -> 10380000
A8: 3 | B8: 전년도와 동일 예시 | C8: 35000 | D8: 0 | F8: =ROUND(IF(D8=0,C8+C8*E8,C8+D8),-1) -> 35000 | G8: 80 | H8: 10 | I8: =G8*H8 -> 800 | J8: 0.78 | K8: =(1/J8-(1+L8+M8+L8*M8))/((1+L8+M8+L8*M8)) -> 0.099529401 | L8: 0.06 | M8: 0.1 | N8: =F8*J8 -> 27300 | O8: =N8*$I8 -> 21840000 | P8: =N8*K8 -> 2717.1527 | Q8: =O8*K8 -> 2173722.1 | R8: =(N8+P8)*L8 -> 1801.0292 | S8: =(O8+Q8)*L8 -> 1440823.3 | T8: =(N8+P8+R8)*M8 -> 3181.8182 | U8: =(O8+Q8+S8)*M8 -> 2545454.5 | V8: =ROUND(N8+P8+R8+T8,0) -> 35000 | W8: =ROUND(O8+Q8+S8+U8,0) -> 28000000
A9: 4 | B9: 증감액 적용 예시 | C9: 33000 | D9: 3000 | F9: =ROUND(IF(D9=0,C9+C9*E9,C9+D9),-1) -> 36000 | G9: 75 | H9: 10 | I9: =G9*H9 -> 750 | J9: 0.77 | K9: =(1/J9-(1+L9+M9+L9*M9))/((1+L9+M9+L9*M9)) -> 0.113809 | L9: 0.06 | M9: 0.1 | N9: =F9*J9 -> 27720 | O9: =N9*$I9 -> 20790000 | P9: =N9*K9 -> 3154.7856 | Q9: =O9*K9 -> 2366089.2 | R9: =(N9+P9)*L9 -> 1852.4871 | S9: =(O9+Q9)*L9 -> 1389365.4 | T9: =(N9+P9+R9)*M9 -> 3272.7273 | U9: =(O9+Q9+S9)*M9 -> 2454545.5 | V9: =ROUND(N9+P9+R9+T9,0) -> 36000 | W9: =ROUND(O9+Q9+S9+U9,0) -> 27000000
A10: 5 | F10: =ROUND(IF(D10=0,C10+C10*E10,C10+D10),-1) -> 0 | I10: =G10*H10 -> 0 | J10: 0.8 | K10: =(1/J10-(1+L10+M10+L10*M10))/((1+L10+M10+L10*M10)) -> 0.072041166 | L10: 0.06 | M10: 0.1 | N10: =F10*J10 -> 0 | O10: =N10*$I10 -> 0 | P10: =N10*K10 -> 0 | Q10: =O10*K10 -> 0 | R10: =(N10+P10)*L10 -> 0 | S10: =(O10+Q10)*L10 -> 0 | T10: =(N10+P10+R10)*M10 -> 0 | U10: =(O10+Q10+S10)*M10 -> 0 | V10: =ROUND(N10+P10+R10+T10,0) -> 0 | W10: =ROUND(O10+Q10+S10+U10,0) -> 0
A11: 6 | F11: =ROUND(IF(D11=0,C11+C11*E11,C11+D11),-1) -> 0 | I11: =G11*H11 -> 0 | J11: 0.79 | K11: =(1/J11-(1+L11+M11+L11*M11))/((1+L11+M11+L11*M11)) -> 0.085611308 | L11: 0.06 | M11: 0.1 | N11: =F11*J11 -> 0 | O11: =N11*$I11 -> 0 | P11: =N11*K11 -> 0 | Q11: =O11*K11 -> 0 | R11: =(N11+P11)*L11 -> 0 | S11: =(O11+Q11)*L11 -> 0 | T11: =(N11+P11+R11)*M11 -> 0 | U11: =(O11+Q11+S11)*M11 -> 0 | V11: =ROUND(N11+P11+R11+T11,0) -> 0 | W11: =ROUND(O11+Q11+S11+U11,0) -> 0
A12: 7 | F12: =ROUND(IF(D12=0,C12+C12*E12,C12+D12),-1) -> 0 | I12: =G12*H12 -> 0 | J12: 0.79 | K12: =(1/J12-(1+L12+M12+L12*M12))/((1+L12+M12+L12*M12)) -> 0.085611308 | L12: 0.06 | M12: 0.1 | N12: =F12*J12 -> 0 | O12: =N12*$I12 -> 0 | P12: =N12*K12 -> 0 | Q12: =O12*K12 -> 0 | R12: =(N12+P12)*L12 -> 0 | S12: =(O12+Q12)*L12 -> 0 | T12: =(N12+P12+R12)*M12 -> 0 | U12: =(O12+Q12+S12)*M12 -> 0 | V12: =ROUND(N12+P12+R12+T12,0) -> 0 | W12: =ROUND(O12+Q12+S12+U12,0) -> 0
A13: 8 | F13: =ROUND(IF(D13=0,C13+C13*E13,C13+D13),-1) -> 0 | I13: =G13*H13 -> 0 | J13: 0.79 | K13: =(1/J13-(1+L13+M13+L13*M13))/((1+L13+M13+L13*M13)) -> 0.085611308 | L13: 0.06 | M13: 0.1 | N13: =F13*J13 -> 0 | O13: =N13*$I13 -> 0 | P13: =N13*K13 -> 0 | Q13: =O13*K13 -> 0 | R13: =(N13+P13)*L13 -> 0 | S13: =(O13+Q13)*L13 -> 0 | T13: =(N13+P13+R13)*M13 -> 0 | U13: =(O13+Q13+S13)*M13 -> 0 | V13: =ROUND(N13+P13+R13+T13,0) -> 0 | W13: =ROUND(O13+Q13+S13+U13,0) -> 0
A14: 9 | F14: =ROUND(IF(D14=0,C14+C14*E14,C14+D14),-1) -> 0 | I14: =G14*H14 -> 0 | J14: 0.79 | K14: =(1/J14-(1+L14+M14+L14*M14))/((1+L14+M14+L14*M14)) -> 0.085611308 | L14: 0.06 | M14: 0.1 | N14: =F14*J14 -> 0 | O14: =N14*$I14 -> 0 | P14: =N14*K14 -> 0 | Q14: =O14*K14 -> 0 | R14: =(N14+P14)*L14 -> 0 | S14: =(O14+Q14)*L14 -> 0 | T14: =(N14+P14+R14)*M14 -> 0 | U14: =(O14+Q14+S14)*M14 -> 0 | V14: =ROUND(N14+P14+R14+T14,0) -> 0 | W14: =ROUND(O14+Q14+S14+U14,0) -> 0
A15: 10 | F15: =ROUND(IF(D15=0,C15+C15*E15,C15+D15),-1) -> 0 | I15: =G15*H15 -> 0 | J15: 0.79 | K15: =(1/J15-(1+L15+M15+L15*M15))/((1+L15+M15+L15*M15)) -> 0.085611308 | L15: 0.06 | M15: 0.1 | N15: =F15*J15 -> 0 | O15: =N15*$I15 -> 0 | P15: =N15*K15 -> 0 | Q15: =O15*K15 -> 0 | R15: =(N15+P15)*L15 -> 0 | S15: =(O15+Q15)*L15 -> 0 | T15: =(N15+P15+R15)*M15 -> 0 | U15: =(O15+Q15+S15)*M15 -> 0 | V15: =ROUND(N15+P15+R15+T15,0) -> 0 | W15: =ROUND(O15+Q15+S15+U15,0) -> 0
A16: 11 | F16: =ROUND(IF(D16=0,C16+C16*E16,C16+D16),-1) -> 0 | I16: =G16*H16 -> 0 | J16: 0.79 | K16: =(1/J16-(1+L16+M16+L16*M16))/((1+L16+M16+L16*M16)) -> 0.085611308 | L16: 0.06 | M16: 0.1 | N16: =F16*J16 -> 0 | O16: =N16*$I16 -> 0 | P16: =N16*K16 -> 0 | Q16: =O16*K16 -> 0 | R16: =(N16+P16)*L16 -> 0 | S16: =(O16+Q16)*L16 -> 0 | T16: =(N16+P16+R16)*M16 -> 0 | U16: =(O16+Q16+S16)*M16 -> 0 | V16: =ROUND(N16+P16+R16+T16,0) -> 0 | W16: =ROUND(O16+Q16+S16+U16,0) -> 0
A17: 12 | F17: =ROUND(IF(D17=0,C17+C17*E17,C17+D17),-1) -> 0 | I17: =G17*H17 -> 0 | J17: 0.79 | K17: =(1/J17-(1+L17+M17+L17*M17))/((1+L17+M17+L17*M17)) -> 0.085611308 | L17: 0.06 | M17: 0.1 | N17: =F17*J17 -> 0 | O17: =N17*$I17 -> 0 | P17: =N17*K17 -> 0 | Q17: =O17*K17 -> 0 | R17: =(N17+P17)*L17 -> 0 | S17: =(O17+Q17)*L17 -> 0 | T17: =(N17+P17+R17)*M17 -> 0 | U17: =(O17+Q17+S17)*M17 -> 0 | V17: =ROUND(N17+P17+R17+T17,0) -> 0 | W17: =ROUND(O17+Q17+S17+U17,0) -> 0
A18: 13 | F18: =ROUND(IF(D18=0,C18+C18*E18,C18+D18),-1) -> 0 | I18: =G18*H18 -> 0 | J18: 0.79 | K18: =(1/J18-(1+L18+M18+L18*M18))/((1+L18+M18+L18*M18)) -> 0.085611308 | L18: 0.06 | M18: 0.1 | N18: =F18*J18 -> 0 | O18: =N18*$I18 -> 0 | P18: =N18*K18 -> 0 | Q18: =O18*K18 -> 0 | R18: =(N18+P18)*L18 -> 0 | S18: =(O18+Q18)*L18 -> 0 | T18: =(N18+P18+R18)*M18 -> 0 | U18: =(O18+Q18+S18)*M18 -> 0 | V18: =ROUND(N18+P18+R18+T18,0) -> 0 | W18: =ROUND(O18+Q18+S18+U18,0) -> 0
A19: 14 | F19: =ROUND(IF(D19=0,C19+C19*E19,C19+D19),-1) -> 0 | I19: =G19*H19 -> 0 | J19: 0.79 | K19: =(1/J19-(1+L19+M19+L19*M19))/((1+L19+M19+L19*M19)) -> 0.085611308 | L19: 0.06 | M19: 0.1 | N19: =F19*J19 -> 0 | O19: =N19*$I19 -> 0 | P19: =N19*K19 -> 0 | Q19: =O19*K19 -> 0 | R19: =(N19+P19)*L19 -> 0 | S19: =(O19+Q19)*L19 -> 0 | T19: =(N19+P19+R19)*M19 -> 0 | U19: =(O19+Q19+S19)*M19 -> 0 | V19: =ROUND(N19+P19+R19+T19,0) -> 0 | W19: =ROUND(O19+Q19+S19+U19,0) -> 0
A20: 15 | F20: =ROUND(IF(D20=0,C20+C20*E20,C20+D20),-1) -> 0 | I20: =G20*H20 -> 0 | J20: 0.79 | K20: =(1/J20-(1+L20+M20+L20*M20))/((1+L20+M20+L20*M20)) -> 0.085611308 | L20: 0.06 | M20: 0.1 | N20: =F20*J20 -> 0 | O20: =N20*$I20 -> 0 | P20: =N20*K20 -> 0 | Q20: =O20*K20 -> 0 | R20: =(N20+P20)*L20 -> 0 | S20: =(O20+Q20)*L20 -> 0 | T20: =(N20+P20+R20)*M20 -> 0 | U20: =(O20+Q20+S20)*M20 -> 0 | V20: =ROUND(N20+P20+R20+T20,0) -> 0 | W20: =ROUND(O20+Q20+S20+U20,0) -> 0
A21: 16 | F21: =ROUND(IF(D21=0,C21+C21*E21,C21+D21),-1) -> 0 | I21: =G21*H21 -> 0 | J21: 0.79 | K21: =(1/J21-(1+L21+M21+L21*M21))/((1+L21+M21+L21*M21)) -> 0.085611308 | L21: 0.06 | M21: 0.1 | N21: =F21*J21 -> 0 | O21: =N21*$I21 -> 0 | P21: =N21*K21 -> 0 | Q21: =O21*K21 -> 0 | R21: =(N21+P21)*L21 -> 0 | S21: =(O21+Q21)*L21 -> 0 | T21: =(N21+P21+R21)*M21 -> 0 | U21: =(O21+Q21+S21)*M21 -> 0 | V21: =ROUND(N21+P21+R21+T21,0) -> 0 | W21: =ROUND(O21+Q21+S21+U21,0) -> 0
... A65: 60 | F65: =ROUND(IF(D65=0,C65+C65*E65,C65+D65),-1) -> 0 | I65: =G65*H65 -> 0 | J65: 0.79 | K65: =(1/J65-(1+L65+M65+L65*M65))/((1+L65+M65+L65*M65)) -> 0.085611308 | L65: 0.06 | M65: 0.1 | N65: =F65*J65 -> 0 | O65: =N65*$I65 -> 0 | P65: =N65*K65 -> 0 | Q65: =O65*K65 -> 0 | R65: =(N65+P65)*L65 -> 0 | S65: =(O65+Q65)*L65 -> 0 | T65: =(N65+P65+R65)*M65 -> 0 | U65: =(O65+Q65+S65)*M65 -> 0 | V65: =ROUND(N65+P65+R65+T65,0) -> 0 | W65: =ROUND(O65+Q65+S65+U65,0) -> 0
G66: 수강예정인원합계 | I66: =SUM(I6:I65) -> 2750 | N66: 합계 | O66: =SUM(O6:O65) -> 92470200 | Q66: =SUM(Q6:Q65) -> 8241635.3 | S66: =SUM(S6:S65) -> 6042710.1 | U66: =SUM(U6:U65) -> 10675455 | W66: =SUM(W6:W65) -> 117430000

Sheet 원가계산서(방과후학교,특기적성)
A1: 원 가 계 산 서
A2: 입찰건명 | B2: ='세부원가내역서(방과후학교,특기적성)'!I2 -> ○○○○학교 20○○학년도 돌봄·방과후학교 프로그램 운영 용역
A3: 비목 | B3: 산출내역 | E3: 금액 | F3: 비고
A4: 인건비 | B4: 세부 원가내역서 개별 강좌 인건비 합계액 | E4: ='세부원가내역서(방과후학교,특기적성)'!O66 -> 92470200 | F4: ="원가 총액의 "&ROUND((E4/E13)*100,3)&"%" -> 원가 총액의 78.745%
A5: 경비 | B5: [산업재해보상보험료] 사업주부담금 (인건비-인건비*필요경비공제율) | C5: × | D5: 0.0033 | E5: =(E4-E4*F6)*D5 -> 259684.06 | F5: ○ 산재보험료율: 0.66% - 직종별요율: 6/1000 - 출퇴근재해요율: 0.6/1000 ○ 부담 - 사업주 033% - 노무제공자: 0.33%
B6: ○ 산재보험료 산정: 월보수액×산재보험료율 ○ 월보수액 산정: (사업소득-비과세소득)-경비 - 경비: (사업소득-비과세소득)×필요경비공제율 | E6: 필요경비공제율 | F6: 0.149
B7: [고용보험료] 사업주부담금 (인건비-인건비*필요경비공제율) | C7: × | D7: 0.008 | E7: =(E4-E4*F8)*D7 -> 629537.12 | F7: ○ 고용보험료율: 1.6% ○ 부담 - 사업주: 0.8% - 노무제공자: 0.8%
B8: ○ 고용보험료 산정: 월보수액×고용보험료율 ○ 월보수액 산정: (사업소득-비과세소득)-경비 - 경비: (사업소득-비과세소득)×필요경비공제율 | E8: 필요경비공제율 | F8: 0.149
B9: 기타경비 | E9: =E10-E5-E7 -> 7352414.2
B10: 합계(세부 원가내역서 개별 강좌 경비 합계) | E10: ='세부원가내역서(방과후학교,특기적성)'!Q66 -> 8241635.3 | F10: ="원가 총액의 "&ROUND((E10/E13)*100,3)&"%" -> 원가 총액의 7.018%
A11: 일반관리비 | B11: (인건비+경비) | C11: × | D11: 0.06 | E11: =(E4+E10)*D11 -> 6042710.1 | F11: ="원가 총액의 "&ROUND((E11/E13)*100,3)&"%" -> 원가 총액의 5.146%
A12: 이윤 | B12: (인건비+경비+일반관리비) | C12: × | D12: 0.1 | E12: =(E4+E10+E11)*D12 -> 10675455 | F12: ="원가 총액의 "&ROUND((E12/E13)*100,3)&"%" -> 원가 총액의 9.091%
A13: 방과후학교 강사료 원가 산출액 | E13: =ROUNDDOWN(E4+E10+E11+E12,0) -> 117430000
A14: 기초금액 | E14: =ROUNDDOWN(E4+E10+E11+E12,-3) -> 117430000 | F14: 1,000원 미만 절사

Sheet 세부원가내역서(맞춤형)
A2: 세부 원가 내역서 | I2: ○○○○학교 20○○학년도 맞춤형 프로그램 운영 용역
A3: ○ 원가내역서 작성기준(노란색 부분만 수정)
A4: - 산업재해보상보험요율, 고용보험요율의 반영요율: 고시이율에서 필요경비 공제율을 반영한 요율, 산재, 고용보험의 고시이율은 법정경비로 학교에서 임의로 변경할 수 없으며, 발주 전 고시를 확인하여 원가 계산
A5: - 경비율: 경비요율(산업재해보상보험요율(반영요율), 고용보험요율(반영요율), 기타경비율의 합계)는 학교장이 책정(기타경비율 조정)
A6: ※ 경비율을 책정했는데 산재, 고용보험의 고시이율이 상향되는 경우 기타경비율을 감하여 조정
A7: - 일반관리비율: 특별한 사유가 없는 한 6% 반영
A8: - 이윤율: 특별한 사유가 없는 한 10% 반영
A9: - 강사료: 학교에서 결정한 시간당 금액 예시) 40,000원(계약업체 강사료 지급하한금액: 시간당 40,000원)
A10: 연번 | B10: 과목명 | C10: 원가산정 기초자료 | L10: 원가산출내역
C11: 연간 강의시간 | D11: 경비 반영 비율 | J11: 일반 관리비 반영 비율 (%) | K11: 이윤 반영 비율 (%) | L11: 1.인건비 | N11: 2.경비 | P11: 3.일반관리비 | R11: 4.이윤 | T11: 계
D12: 산업재해 보상보험 요율(%) (A) | F12: 고용보험 요율(%) (B) | H12: 기타 경비율(%) (C ) | I12: 경비율 (%) D=A+B+C | L12: 강사료 인건비 단가 | M12: 산출액 | N12: 단가 | O12: 산출액 | P12: 단가 | Q12: 산출액 | R12: 단가 | S12: 산출액 | T12: 시간당 단가 | U12: 산출액
D13: 필요경비 제외율 | E13: 0.149 | F13: 필요경비 제외율 | G13: 0.149
D14: 고시 요율 | E14: 반영 요율 | F14: 고시 요율 | G14: 반영 요율
A15: 1 | C15: 80 | D15: 0.0033 | E15: =D15*(100%-E13) -> 0.0028083 | F15: 0.008 | G15: =F15*(100%-G13) -> 0.006808 | H15: 0.1698 | I15: =SUM(E15,G15,H15) -> 0.1794163 | J15: 0.06 | K15: 0.1 | L15: 40000 | M15: =C15*L15 -> 3200000 | N15: =L15*I15 -> 7176.652 | O15: =N15*C15 -> 574132.16 | P15: =(L15+N15)*J15 -> 2830.5991 | Q15: =P15*C15 -> 226447.93 | R15: =(L15+N15+P15)*K15 -> 5000.7251 | S15: =R15*C15 -> 400058.01 | T15: =L15+N15+P15+R15 -> 55007.976 | U15: =M15+O15+Q15+S15 -> 4400638.1
A16: 2 | C16: 70 | D16: =$D$15 -> 0.0033 | E16: =$E$15 -> 0.0028083 | F16: =$F$15 -> 0.008 | G16: =$G$15 -> 0.006808 | H16: =$H$15 -> 0.1698 | I16: =SUM(E16,G16,H16) -> 0.1794163 | J16: =J15 -> 0.06 | K16: =$K$15 -> 0.1 | L16: =$L$15 -> 40000 | M16: =C16*L16 -> 2800000 | N16: =L16*I16 -> 7176.652 | O16: =N16*C16 -> 502365.64 | P16: =(L16+N16)*J16 -> 2830.5991 | Q16: =P16*C16 -> 198141.94 | R16: =(L16+N16+P16)*K16 -> 5000.7251 | S16: =R16*C16 -> 350050.76 | T16: =L16+N16+P16+R16 -> 55007.976 | U16: =M16+O16+Q16+S16 -> 3850558.3
A17: 3 | C17: 60 | D17: =$D$15 -> 0.0033 | E17: =$E$15 -> 0.0028083 | F17: =$F$15 -> 0.008 | G17: =$G$15 -> 0.006808 | H17: =$H$15 -> 0.1698 | I17: =SUM(E17,G17,H17) -> 0.1794163 | J17: =J16 -> 0.06 | K17: =$K$15 -> 0.1 | L17: =$L$15 -> 40000 | M17: =C17*L17 -> 2400000 | N17: =L17*I17 -> 7176.652 | O17: =N17*C17 -> 430599.12 | P17: =(L17+N17)*J17 -> 2830.5991 | Q17: =P17*C17 -> 169835.95 | R17: =(L17+N17+P17)*K17 -> 5000.7251 | S17: =R17*C17 -> 300043.51 | T17: =L17+N17+P17+R17 -> 55007.976 | U17: =M17+O17+Q17+S17 -> 3300478.6
A18: 4 | C18: 50 | D18: =$D$15 -> 0.0033 | E18: =$E$15 -> 0.0028083 | F18: =$F$15 -> 0.008 | G18: =$G$15 -> 0.006808 | H18: =$H$15 -> 0.1698 | I18: =SUM(E18,G18,H18) -> 0.1794163 | J18: =J16 -> 0.06 | K18: =$K$15 -> 0.1 | L18: =$L$15 -> 40000 | M18: =C18*L18 -> 2000000 | N18: =L18*I18 -> 7176.652 | O18: =N18*C18 -> 358832.6 | P18: =(L18+N18)*J18 -> 2830.5991 | Q18: =P18*C18 -> 141529.96 | R18: =(L18+N18+P18)*K18 -> 5000.7251 | S18: =R18*C18 -> 250036.26 | T18: =L18+N18+P18+R18 -> 55007.976 | U18: =M18+O18+Q18+S18 -> 2750398.8
A19: 4 | C19: 50 | D19: =$D$15 -> 0.0033 | E19: =$E$15 -> 0.0028083 | F19: =$F$15 -> 0.008 | G19: =$G$15 -> 0.006808 | H19: =$H$15 -> 0.1698 | I19: =SUM(E19,G19,H19) -> 0.1794163 | J19: =J17 -> 0.06 | K19: =$K$15 -> 0.1 | L19: =$L$15 -> 40000 | M19: =C19*L19 -> 2000000 | N19: =L19*I19 -> 7176.652 | O19: =N19*C19 -> 358832.6 | P19: =(L19+N19)*J19 -> 2830.5991 | Q19: =P19*C19 -> 141529.96 | R19: =(L19+N19+P19)*K19 -> 5000.7251 | S19: =R19*C19 -> 250036.26 | T19: =L19+N19+P19+R19 -> 55007.976 | U19: =M19+O19+Q19+S19 -> 2750398.8
A20: 합계 | C20: =SUM(C15:C19) -> 310 | M20: =SUM(M15:M19) -> 12400000 | O20: =SUM(O15:O19) -> 2224762.1 | Q20: =SUM(Q15:Q19) -> 877485.73 | S20: =SUM(S15:S19) -> 1550224.8 | U20: =SUM(U15:U19) -> 17052473
T21: =T17*91% -> 50057.258

Sheet 원가계산서(맞춤형)
A1: 원 가 계 산 서
A2: 계약건명 | B2: ='세부원가내역서(맞춤형)'!I2 -> ○○○○학교 20○○학년도 맞춤형 프로그램 운영 용역
A3: 비목 | B3: 산출내역 | E3: 금액 | F3: 비고
A4: 인건비 | B4: 세부원가내역서 개별 강좌 인건비 합계액 | E4: ='세부원가내역서(맞춤형)'!M20 -> 12400000
A5: 경비 | B5: [산업재해보상보험료] 사업주부담금 (인건비-인건비*필요경비공제율) | C5: × | D5: ='세부원가내역서(맞춤형)'!D15 -> 0.0033 | E5: =(E4-E4*F6)*D5 -> 34822.92 | F5: ○ 산재보험료율: 0.66% - 직종별요율: 6/1000 - 출퇴근재해요율: 0.6/1000 ○ 부담 - 사업주 033% - 노무제공자: 0.33%
B6: ○ 산재보험료 산정: 월보수액×산재보험료율 ○ 월보수액 산정: (사업소득-비과세소득)-경비 - 경비: (사업소득-비과세소득)×필요경비공제율 | E6: 필요경비공제율 | F6: 0.149
B7: [고용보험료] 사업주부담금 (인건비-인건비*필요경비공제율) | C7: × | D7: ='세부원가내역서(맞춤형)'!F15 -> 0.008 | E7: =(E4-E4*F8)*D7 -> 84419.2 | F7: ○ 고용보험료율: 1.6% ○ 부담 - 사업주: 0.8% - 노무제공자: 0.8%
B8: ○ 고용보험료 산정: 월보수액×고용보험료율 ○ 월보수액 산정: (사업소득-비과세소득)-경비 - 경비: (사업소득-비과세소득)×필요경비공제율 | E8: 필요경비공제율 | F8: 0.149
B9: 기타경비 | C9: × | D9: ='세부원가내역서(맞춤형)'!H15 -> 0.1698 | E9: =E10-E5-E7 -> 2105520
B10: 합계 | E10: ='세부원가내역서(맞춤형)'!O20 -> 2224762.1
A11: 일반관리비 | B11: (인건비+경비) | C11: × | D11: ='세부원가내역서(맞춤형)'!J15 -> 0.06 | E11: =(E4+E10)*D11 -> 877485.73
A12: 이윤 | B12: (인건비+경비+일반관리비) | C12: × | D12: ='세부원가내역서(맞춤형)'!K15 -> 0.1 | E12: =(E4+E10+E11)*D12 -> 1550224.8
A13: 강사료 원가 산출액 | E13: =ROUNDDOWN(E4+E10+E11+E12,0) -> 17052472
A14: 기초금액 | E14: =ROUNDDOWN(E4+E10+E11+E12,-3) -> 17052000 | F14: 1,000원 미만 절사

Sheet 원가계산서(합산)
A1: 돌봄·방과후학교 운영 용역 합산 원가계산서
A2: 계약건명 | B2: ○○○○학교 20○○학년도 돌봄·방과후학교 프로그램 운영 용역
A3: 비목 | B3: 산출내역 | E3: 방과후학교 교육프로그램 | F3: 맞춤형 프로그램 | G3: 합계 | H3: 비고
A4: 인건비 | B4: 방과후학교 원가계산서 과목별 인건비 합계액 | E4: ='원가계산서(방과후학교,특기적성)'!E4 -> 92470200 | F4: ='원가계산서(맞춤형)'!E4 -> 12400000 | G4: =SUM(E4:F4) -> 104870200
A5: 경비 | B5: [산업재해보상보험료] 사업주부담금 (인건비-인건비*필요경비공제율) | C5: × | D5: ='세부원가내역서(맞춤형)'!D15 -> 0.0033 | E5: ='원가계산서(방과후학교,특기적성)'!E5 -> 259684.06 | F5: ='원가계산서(맞춤형)'!E5 -> 34822.92 | G5: =SUM(E5:F5) -> 294506.98
B6: [고용보험료] 사업주부담금 (인건비-인건비*필요경비공제율) | C6: × | D6: ='세부원가내역서(맞춤형)'!F15 -> 0.008 | E6: ='원가계산서(방과후학교,특기적성)'!E7 -> 629537.12 | F6: ='원가계산서(맞춤형)'!E7 -> 84419.2 | G6: =SUM(E6:F6) -> 713956.32
B7: 기타경비 | C7: × | D7: 별도요율 | E7: ='원가계산서(방과후학교,특기적성)'!E9 -> 7352414.2 | F7: ='원가계산서(맞춤형)'!E9 -> 2105520 | G7: =SUM(E7:F7) -> 9457934.2
B8: 경비 합계 | E8: =SUM(E5:E7) -> 8241635.3 | F8: =SUM(F5:F7) -> 2224762.1 | G8: =SUM(G5:G7) -> 10466397
A9: 일반관리비 | B9: (인건비+경비) | C9: × | D9: 별도요율 | E9: ='원가계산서(방과후학교,특기적성)'!E11 -> 6042710.1 | F9: ='원가계산서(맞춤형)'!E11 -> 877485.73 | G9: =SUM(E9:F9) -> 6920195.8
A10: 이윤 | B10: (인건비+경비+일반관리비) | C10: × | D10: 별도요율 | E10: ='원가계산서(방과후학교,특기적성)'!E12 -> 10675455 | F10: ='원가계산서(맞춤형)'!E12 -> 1550224.8 | G10: =SUM(E10:F10) -> 12225679
A11: 강사료 원가 산출액 | E11: =ROUNDDOWN(E4+E8+E9+E10,0) -> 117430000 | F11: =ROUNDDOWN(F4+F8+F9+F10,0) -> 17052472 | G11: =ROUNDDOWN(G4+G8+G9+G10,0) -> 134482472
A12: 강사료원가(계약금액) | E12: =ROUNDDOWN(E4+E8+E9+E10,-3) -> 117430000 | F12: =ROUNDDOWN(F4+F8+F9+F10,-3) -> 17052000 | G12: =ROUNDDOWN(G4+G8+G9+G10,-3) -> 134482000 | H12: 1,000원 미만 절사
