Workbook
Name 희망영역1: 신청서!$A$38:$A$40
Name 희망영역2: 신청서!$F$38:$F$40
Name 희망영역3: 신청서!$F$41:$F$41

Sheet 신청서
A2: 경상남도교육청 학습종합클리닉 신청서(학교 제출용) | S2: <작성 방법>_학생별 1개 파일 작성(시트 추가 금지)
A4: 1. 작성자 현황 | J4: ① 학습지원대상학생 지원 협의회 심의 ▶ | P4: 심의 여부 | S4: 1. 작성자 현황(선택은 목록에서, 직접 입력은 바로 입력)
A5: ② 지역 | B5: 지역선택 | E5: ③학 교 | F5: (직접 입력) | J5: ④ 주 소 | L5: (직접 입력) | S5: ① | T5: [학습지원대상학생지원협의회] 심의 여부: 목록 선택(예, 아니오), ※ 학습지원대상학생 지원협의회 심의를 거쳐야 함
A6: ⑤의뢰인 | B6: 이름(교사) ▶ | F6: (직접 입력) | J6: ⑥ | M6: 교무실 ▶ | N6: 055- | S6: ② | T6: 지역: 지역 선택 (목록 18개 중) ③ 학교: 정식 명칭 직접 입력 예)경남초등학교(0), 경남초(X) ④주소: 직접 입력
A7: (담당자) | B7: 직위(학생과 관계)▶ | F7: 학생과 관계(선택) | J7: 연락처 | M7: 휴대폰 ▶ | N7: 010- | S7: ⑤ | T7: 의뢰인 이름: 직접 입력, 학생과 관계: 목록 선택(담임교사/업무담당자) ⑥ 연락처 교무실, 휴대폰: 직접 입력
A8: ⑦ | B8: 희망영역 1개 선택(클릭하여 목록에서 선택) | L8: 희망 영역 선택2 (1)~2)번 중복 신청일 경우) | R8: FALSE | S8: ⑦ | T8: 희망 영역(복수 선택 가능): 풀배터리 검사년도 ☑ 검사경력 있을 때 검사한 해당 년도☑
A9: 희망영역 | B9: 2) 종합심리검사(풀배터리 검사) 여부 ▶ | I9: 2023년 | M9: 2024년 | O9: 2025년 | R9: FALSE | T9: ♣ 희망 영역 선택1: 1)~4)번 유형 간 중복 신청 불가, 4개 유형 중 1개만 신청 가능
A10: ⑧ | B10: 1) 희망 요일 | I10: 2) 희망 시간 | N10: 3) 피할 요일 | R10: FALSE | T10: ♣ 희망 영역 선택2: 1)~2)번 중복 신청일 경우 선택
A11: 희망 일시 | B11: 1순위 | F11: 2순위 | I11: 1순위 | L11: 2순위 | N11: 1순위 | P11: 2순위 | T11: ♣ 단, 1)번과 2)번은 중복 신청 가능하나 2)번 종합심리검사는 2년 이내(2024~2025년) 지원받은 학생은 미지원
B12: 요일 선택 | F12: 요일 선택 | I12: ~ | L12: ~ | N12: 요일 선택 | P12: 요일 선택 | S12: ⑧ | T12: 1)희망 요일: 목록 선택, 2) 희망시간 예) 15:00~16:00, 17:30~19:00, 3)피할 요일: 목록 선택,
A13: ⑨ 희망 장소 | B13: (직접 입력)학습코칭 및 상담, 읽기 곤란 학생 맞춤교육이 실제 이루어질 수 있는 곳 | S13: ⑨ | T13: 희망 장소: 직접 입력 예) 연구실, 도서실 등
A15: 2. 참여 학생 현황
A16: ① 이름 | B16: (직접입력) | E16: ②학반 | F16: 학년 선택 | H16: 반(직접입력) | J16: ③성별 | L16: 선택 | M16: ④학생 보호자 연락처 | P16: 010-0000-0000 | S16: 2. 참여자 현황(선택은 목록에서, 직접 입력은 바로 입력)
A17: ⑤대상자 선정기준 | C17: 선택 | D17: 소년소녀가장 | F17: 선택 | G17: 시설거주 | K17: 선택 | L17: 한부모(편부모)가정 | S17: ① | T17: 이름(학생): 직접 입력
C18: 선택 | D18: 차상위계층 | F18: 선택 | G18: 빈곤가정(국민기초생활보호대상자 여부) ▶ | N18: 여부 선택 | S18: ② | T18: 학년은 아래 목록 선택(1~6학년), 반은 아래 직접 입력(숫자만) 예) 1,2(0), 1반,2반(X)
C19: 선택 | D19: 담임 추천 | F19: 선택 | G19: 이주배경학생 ▶ | J19: 사용언어 | L19: (직접 입력) | S19: ③ | T19: 성별: 목록 선택(남자/여자)
A20: ⑥ | C20: ♣ 심리․ 정서적 어려움 | I20: ♣ 학교생활 태도의 문제 | S20: ④ | T20: 학생 보호자 연락처: 직접 입력 예) 010-1234-1234 ※ 꼭 연락처를 넣어주세요.
A21: 학생 개인 | C21: 선택 | D21: 가족갈등 | I21: 선택 | J21: 학습부진 | N21: 선택 | O21: 인터넷게임중독 | S21: ⑤ | T21: 대상자 선정 기준: 목록에서 선택 , 빈곤가정(국민기초생활보호대상자 여부), 필요시 목록 여부 선택(예/아니오)
A22: 특성 | C22: 선택 | D22: 정서 불안/우울 | I22: 선택 | J22: 수업태도 나쁨 | N22: 선택 | O22: 왕따 | S22: ⑥ | T22: 학생 개인의 특성 해당 목록 선택
A23: (목록 선택) | C23: 선택 | D23: 사회성 부족 | I23: 선택 | J23: 교사와 갈등 | N23: 선택 | O23: 가정폭력노출경험 | T23: - 학교폭력 노출 경험 여부: 목록 선택(여부 선택/가해자/피해자)
C24: 선택 | D24: 진로선택의 어려움 | I24: 선택 | J24: 상습결석/지각 | N24: 선택 | O24: 이성문제 | T24: - 성폭력노출 경험 여부: 목록 선택(여부 선택/가해자/피해자)
C25: 선택 | D25: 교우관계 | I25: 선택 | J25: 도벽 | N25: 선택 | O25: 음주/흡연
C26: 선택 | D26: 소극적 성격 | J26: 학교폭력노출경험 ▶ | M26: 여부 선택 | N26: 선택 | O26: 가출
C27: 선택 | D27: 과잉행동/주의력 결핍 | I27: 선택 | J27: 약물남용 | O27: 성폭력노출경험 ▶ | Q27: 여부 선택
C28: 선택 | D28: 본인의 신체장애
C29: 선택 | D29: 애정결핍
A30: ⑦ 학생의 문제에 대한 태도(목록 선택) ▶ | H30: 항목 설문 목록에서 선택
A31: ⑧ | B31: 1) 교과학습 진단 결과 | L31: 2) 기초학습 진단 결과 | S31: ⑦ | T31: 학생의 문제에 대한 태도: 3개 의견 가운데 하나 해당 목록 선택
A32: 진단검사 | B32: 교과 | E32: 점수 | H32: 도달여부 | L32: 교과 | N32: 점수 | P32: 도달여부
A33: 결과 | B33: 국어 | H33: 도달여부(선택) | L33: 읽기 | P33: 도달여부(선택) | S33: ⑧ | T33: 진단 결과: 점수(0~25)는 직접 숫자 입력, 도달 여부는 목록 선택(도달/미도달)
L34: 쓰기 | P34: 도달여부(선택) | T34: ※100점 만점 평가인 경우 25점 기준으로 환산
B35: 수학 | H35: 도달여부(선택) | L35: 기초수학 | P35: 도달여부(선택) | T35: ※ 2학년 읽기·쓰기 점수 결과는 [읽기] 셀에만 입력
A36: ⑨ 교사 의견 | B36: ※ 학교생활기록부 세부능력 및 특기사항처럼 작성하지 마시고, 학생이 학업에서 겪는 어려움에 대한 관찰 내용 또는 교사가 해당 학생을 지도함에 있어 겪는 어려움 등을 구체적으로 작성해 주십시오. (파란색 글씨는 삭제 후 제출)
S37: ⑨ | T37: 교사 의견 ※학교생활기록부 기재처럼 성취수준에 근거한 일반적 특성 나열 지양 '-문제점(행동): 학생의 주요 어려움, 특성을 간략하게 기재 -지도 어려움(도움 영역): 학생 지도 시 교사가 느끼는 어려움, 도움을 요청하고 싶은 내용을 간략하게 기재
A38: 희망영역 1개 선택(클릭하여 목록에서 선택) | F38: 희망 영역 선택2 (1)~2)번 중복 신청일 경우)
A39: 1 학습코칭 및 상담 | F39: 1 학습코칭 및 상담
A40: 2 종합심리검사 | F40: 2 종합심리검사
A41: 3 읽기 곤란 진단 및 맞춤교육
A42: 4 느린학습자 맞춤형 통합 지원

Sheet 취합용_수정불가
A1: 순 | B1: 지역 | C1: 학교 | D1: 주소 | E1: 지원협의회 심의여부 | F1: 의뢰인(담당자) | G1: 직위 (학생과 관계) | H1: 연락처 (교무실) | I1: 연락처 (핸드폰) | J1: 희망선택1 (4곳) | K1: 희망선택2 (2곳) | L1: 검사년도 2023 | M1: 검사년도 2024 | N1: 검사년도 2025 | O1: 희망요일 (1순위) | P1: 희망요일 (2순위) | Q1: 희망시간 (1순위) | R1: 희망시간 (2순위) | S1: 미희망 요일 (1순위) | T1: 미희망 요일 (2순위) | U1: 희망 장소 | V1: 학생 이름 | W1: 학년 | X1: 반 | Y1: 성별 | Z1: 학부모 연락처 | AA1: 선정1 (소가장) | AB1: 선정2 (시설거주) | AC1: 선정3 (한부모) | AD1: 선정4 (차상위계층) | AE1: 선정5 (빈곤가정) | AF1: 선정5 (빈곤)여부 | AG1: 선정6 (담임추) | AH1: 선정7 (이주배경) | AI1: 선정7 (사용언어) | AJ1: 심리정서1 (가족갈등) | AK1: 심리정서2 (정서불안) | AL1: 심리정서3 (사회성) | AM1: 심리정서4 (진로선택) | AN1: 심리정서5 (교우관계) | AO1: 심리정서6 (소극적) | AP1: 심리정서7 (과잉행동) | AQ1: 심리정서8 (신체장애) | AR1: 심리정서9 (애정결핍) | AS1: 학교생활1 (학습부진) | AT1: 학교생활2 (수업태도) | AU1: 학교생활3 (교사와갈등) | AV1: 학교생활4 (상습결석/지) | AW1: 학교생활5 (도벽) | AX1: 학교생활6 학폭(가해,피해) | AY1: 학교생활7 (약물남용) | AZ1: 학교생활8 (인터넷중독) | BA1: 학교생활9 (왕따) | BB1: 학교생활10 (가정폭력노출) | BC1: 학교생활11 (이성문제) | BD1: 학교생활12 (음주/흡연) | BE1: 학교생활13 (가출) | BF1: 학교생활14성폭력(가해,피해) | BG1: 학생 문제 태도 | BH1: 점수 (국어) | BI1: 도달여부 (국어) | BJ1: 점수 (수학) | BK1: 도달여부 (수학) | BL1: 점수 (읽기) | BM1: 도달여부 (읽기) | BN1: 점수 (쓰기) | BO1: 도달여부 (쓰기) | BP1: 점수 (기초수학) | BQ1: 도달여부 (기초수학) | BR1: 선생님 의견
A2: 1 | B2: =신청서!B5 -> 지역선택 | C2: =신청서!F5 -> (직접 입력) | D2: =신청서!L5 -> (직접 입력) | E2: =신청서!P4 -> 심의 여부 | F2: =신청서!F6 -> (직접 입력) | G2: =신청서!F7 -> 학생과 관계(선택) | H2: =신청서!N6 -> 055- | I2: =신청서!N7 -> 010- | J2: =신청서!B8 -> 희망영역 1개 선택(클릭하여 목록에서 선택) | K2: =신청서!L8 -> 희망 영역 선택2 (1)~2)번 중복 신청일 경우) | L2: =신청서!R8 -> FALSE | M2: =신청서!R9 -> FALSE | N2: =신청서!R10 -> FALSE | O2: =신청서!B12 -> 요일 선택 | P2: =신청서!F12 -> 요일 선택 | Q2: =신청서!I12 -> ~ | R2: =신청서!L12 -> ~ | S2: =신청서!N12 -> 요일 선택 | T2: =신청서!P12 -> 요일 선택 | U2: =신청서!B13 -> (직접 입력)학습코칭 및 상담, 읽기 곤란 학생 맞춤교육이 실제 이루어질 수 있는 곳 | V2: =신청서!B16 -> (직접입력) | W2: =신청서!F16 -> 학년 선택 | X2: =신청서!H16 -> 반(직접입력) | Y2: =신청서!L16 -> 선택 | Z2: =신청서!P16 -> 010-0000-0000 | AA2: =신청서!C17 -> 선택 | AB2: =신청서!F17 -> 선택 | AC2: =신청서!K17 -> 선택 | AD2: =신청서!C18 -> 선택 | AE2: =신청서!F18 -> 선택 | AF2: =신청서!N18 -> 여부 선택 | AG2: =신청서!C19 -> 선택 | AH2: =신청서!F19 -> 선택 | AI2: =신청서!L19 -> (직접 입력) | AJ2: =신청서!C21 -> 선택 | AK2: =신청서!C22 -> 선택 | AL2: =신청서!C23 -> 선택 | AM2: =신청서!C24 -> 선택 | AN2: =신청서!C25 -> 선택 | AO2: =신청서!C26 -> 선택 | AP2: =신청서!C27 -> 선택 | AQ2: =신청서!C28 -> 선택 | AR2: =신청서!C29 -> 선택 | AS2: =신청서!I21 -> 선택 | AT2: =신청서!I22 -> 선택 | AU2: =신청서!I23 -> 선택 | AV2: =신청서!I24 -> 선택 | AW2: =신청서!I25 -> 선택 | AX2: =신청서!M26 -> 여부 선택 | AY2: =신청서!I27 -> 선택 | AZ2: =신청서!N21 -> 선택 | BA2: =신청서!N22 -> 선택 | BB2: =신청서!N23 -> 선택 | BC2: =신청서!N24 -> 선택 | BD2: =신청서!N25 -> 선택 | BE2: =신청서!N26 -> 선택 | BF2: =신청서!Q27 -> 여부 선택 | BG2: =신청서!H30 -> 항목 설문 목록에서 선택 | BH2: =신청서!E33 -> 0 | BI2: =신청서!H33 -> 도달여부(선택) | BJ2: =신청서!E35 -> 0 | BK2: =신청서!H35 -> 도달여부(선택) | BL2: =신청서!N33 -> 0 | BM2: =신청서!P33 -> 도달여부(선택) | BN2: =신청서!N34 -> 0 | BO2: =신청서!P34 -> 도달여부(선택) | BP2: =신청서!N35 -> 0 | BQ2: =신청서!P35 -> 도달여부(선택) | BR2: =신청서!B36 -> ※ 학교생활기록부 세부능력 및 특기사항처럼 작성하지 마시고, 학생이 학업에서 겪는 어려움에 대한 관찰 내용 또는 교사가 해당 학생을 지도함에 있어 겪는 어려움 등을 구체적으로 작성해 주십시오. (파란색 글씨는 삭제 후 제출)

Sheet 코드
A1: 지역(선택) | B1: 학생과 관계(선택) | C1: 요일(선택) | D1: 학년(선택) | E1: 성별(선택) | F1: 여부(선택) | G1: 여부(선택) | H1: 도달 여부(선택)
A2: 창원 | B2: 담임 | C2: 월요일 | D2: 1학년 | E2: 남자 | F2: 예 | G2: 없음 | H2: 도달
A3: 진주 | B3: 업무담당자 | C3: 화요일 | D3: 2학년 | E3: 여자 | F3: 아니오 | G3: 가해 | H3: 미도달
A4: 통영 | C4: 수요일 | D4: 3학년 | G4: 피해
A5: 사천 | C5: 목요일 | D5: 4학년
A6: 김해 | C6: 금요일 | D6: 5학년
A7: 밀양 | C7: 토요일 | D7: 6학년
A8: 거제 | C8: 일요일
A9: 양산
A10: 의령
A11: 함안
A12: 창녕
A13: 고성
A14: 남해
A15: 하동
A16: 산청
A17: 함양
A18: 거창
A19: 합천
